Synthesis Results,,,,,,,,,,,,,,,,,,,,,,
All are 16 x 16 multipliers,,,,,,,,,,,,,,,,,,,,,,
Target FPGA : EP2C35F672C7,,,,,,,,,,,,,,,,,,,,,,
,,,,,,,,,,,,,,,,,,,,,,
Adder Used : Ripple Carry Adder (RCA),,,,,,,,,,,,,,,,,,,,,,
Pipelining Standards : I/P Register + Every 2 Stage Registers + O/P Register,,,,,,,,,,,,,,,,,,,,,,
,,,,,,,,,,,,,,,,,,,,,,
Metric,Why it matters?,Wallace,Dadda,Custom Greedy,Row Adder,Array Carry Save,Linear Vector Carry Save,Tree Vector Carry Save,Vedic,Braun,Booth Wallace,,,Booth Dadda,,,Baugh-Wooley,,Wallace (with KSA),,,
,,,,,,,,,,,Radix2,Radix4,Radix8,Radix2,Radix4,Radix8,Wallace,Dadda,,,,
Logic Elements / LUTs,Overall FPGA Area,766,760,2513,1362,1369,1368,792,871,1368,911,624,792,898,606,769,782,765,850,,,
Combinational Functions,Shows actual combinational logic used,765,760,2510,1362,1368,1368,787,871,1368,911,622,792,898,606,767,781,765,331,,,
Dedicated Logic Registers,Sequential hardware used,331,446,2168,1023,1121,1121,351,128,1121,352,212,196,473,236,229,333,448,331,,,
Total Pins,"Mostly constant, useful to verify interfaces",67,67,67,67,67,67,67,67,67,67,67,67,67,67,67,67,67,67,,,
Maximum Frequency (Fmax) (MHz),Maximum Operating Clock,96.06,79.01,219.83,92.43,114.2,113.9,93.41,81.67,114.3,100.93,94.57,93.46,69.9,79.14,78.45,93.3,79.33,182.95,,,
Critical Path Delay (ns),Direct Speed Comparison,10.41,12.66,4.55,10.82,8.76,8.78,10.71,12.24,8.75,9.91,10.57,10.7,14.31,12.64,12.75,10.72,12.61,5.47,,,
Static Thermal Power (mW),Idle Power,80.2,80.18,80.28,80.23,80.22,80.22,80.18,80.22,80.21,80.22,80.21,80.26,80.21,80.21,80.23,80.19,80.17,80.2,,,
Dynamic Thermal Power (mW),Switching Power,18.53,18.18,43.57,32.79,25.81,26.46,19.05,29.8,25.89,27.26,23.9,35.63,24.41,22.67,31.32,19,17.45,20.57,,,
I/O Thermal Power (mW),Same across the same board so can be ignored,92.83,89.06,91.7,90.14,91.89,92.8,89.09,88.35,88.79,92.87,91.12,94.08,92.64,92.91,89.75,91.36,87.62,92.83,,,
Total Thermal Power,Total Power,191.55,187.42,215.55,203.17,197.91,199.49,188.33,198.37,194.9,200.36,195.22,209.96,197.25,195.79,201.3,190.56,185.24,193.59,,,
Resource Utilization (%),FPGA occupancy,2%,2%,8%,4%,4%,4%,2%,3%,4%,3%,2%,2%,3%,2%,2%,2%,2%,3%,,,
Signed,To know what sort of operations it can perform,No,No,No,No,No,No,No,No,No,Yes,Yes,Yes,Yes,Yes,Yes,Yes,Yes,No,,,
Area Delay Product (ADP) (LE.ns),LE x Delay,7974.06,9621.60,11434.15,14736.84,11992.44,12011.04,8482.32,10661.04,11970.00,9028.01,6595.68,8474.40,12850.38,7659.84,9804.75,8383.04,9646.65,4649.5,,,
Power Delay Product (PDP) (nJ),Dynamic Power x Delay,0.193,0.230,0.198,0.355,0.226,0.232,0.204,0.365,0.227,0.270,0.253,0.381,0.349,0.287,0.399,0.204,0.220,0.113,,,
Energy Delay Product (EDP) (nJ.ns),Dynamic Power x Delay²,2.01,2.91,0.90,3.84,1.98,2.04,2.19,4.46,1.98,2.68,2.67,4.08,5.00,3.62,5.09,2.18,2.77,0.62,,,
Compilation Time (Optional),Interesting but not a comparison metric,,,,,,,,,,,,,,,,,,,,,
,,,,,,,,,,,,,,,,,,,,,,
Adders Comparison,,,,,,,,,,,,,,,,,,,,,,
Pipelining Standards : I/P Register + Every 2 Stage Registers + O/P Register,,,,,,,,,,,,,,,,,,,,,,
Module Used : 16 x 16 Wallace Multiplier,,,,,,,,,,,,,,,,,,,,,,
,,,,,,,,,,,,,,,,,,,,,,
Metric,Why it matters?,,,,,,,,,,,,,,,,,,,,,
,,RCA,Block CLA,Kogge-Stone,Brent-Kung,Han-Carlson,Ladner-Fischer,Carry-Select,Carry-Skip,Parallel Prefix CLA,Hierarchial CLA,Sklansky,Knowles (Hybrid 4),Knowles (Hybrid 2),Knowles (Kogge-Stone),Knowles (Ladner-Fischer),Ling,Sparse Kogge-Stone,Sparse Brent-Kung,Kogge-Stone (Radix-4),Manchester Carry,
Logic Elements / LUTs,Overall FPGA Area,766,802,850,783,805,807,792,789,808,809,807,844,840,850,825,886,800,793,887,759,
Combinational Functions,Shows actual combinational logic used,765,801,850,782,803,806,792,789,808,809,806,844,839,850,825,882,800,792,886,757,
Dedicated Logic Registers,Sequential hardware used,331,331,331,331,331,331,331,331,331,331,331,331,331,331,331,331,331,331,331,331,
Total Pins,"Mostly constant, useful to verify interfaces",67,67,67,67,67,67,67,67,67,67,67,67,67,67,67,67,67,67,67,67,
Maximum Frequency (Fmax) (MHz),Maximum Operating Clock,96.06,178.28,182.95,174.55,179.57,167.62,135.23,69.64,193.76,179.6,167.62,169.15,181.59,182.72,181.19,155.98,163.51,159.87,184.81,98.44,
Critical Path Delay (ns),Direct Speed Comparison,10.41,5.61,5.47,5.73,5.57,5.97,7.39,14.36,5.16,5.57,5.97,5.91,5.51,5.47,5.52,6.41,6.11,6.26,5.41,10.16,
Static Thermal Power (mW),Idle Power,80.2,80.18,80.2,80.18,80.19,80.2,80.17,80.19,80.19,80.2,80.2,80.18,80.19,80.2,80.19,80.2,80.19,80.19,80.2,80.18,
Dynamic Thermal Power (mW),Switching Power,18.53,16.69,20.57,16.8,18.02,19,16.97,18.57,18.28,20.85,19,17.74,17.61,19.15,18.5,20.22,18.64,16.4,19.42,17.95,
I/O Thermal Power (mW),Same across the same board so can be ignored,92.83,90.61,92.83,88.91,92.83,92.83,87.98,91.61,92.57,92.6,92.83,90.23,92.58,92.83,92.83,91.59,92.09,92.14,92.83,89.8,
Total Thermal Power,Total Power,191.55,187.47,193.59,185.89,191.03,192.03,185.12,190.37,191.05,193.65,192.03,188.15,190.37,192.17,191.52,192.01,190.93,188.73,192.44,187.93,
Resource Utilization (%),FPGA occupancy,2%,2%,3%,2%,2%,2%,2%,2%,2%,2%,2%,3%,3%,3%,2%,3%,2%,2%,3%,2%,
Signed,To know what sort of operations it can perform,No,No,No,No,No,No,No,No,No,No,No,No,No,No,No,No,No,No,No,No,
Area Delay Product (ADP) (LE.ns),LE x Delay,7974.06,4499.22,4649.5,4486.59,4483.85,4817.79,5852.88,11330.04,4169.28,4506.13,4817.79,4988.04,4628.4,4649.5,4554,5679.26,4888,4964.18,4798.67,7711.44,
Power Delay Product (PDP) (nJ),Dynamic Power x Delay,0.193,0.094,0.113,0.096,0.100,0.113,0.125,0.267,0.094,0.116,0.113,0.105,0.097,0.105,0.102,0.130,0.114,0.103,0.105,0.182,
Energy Delay Product (EDP) (nJ.ns),Dynamic Power x Delay²,2.01,0.53,0.62,0.55,0.56,0.68,0.93,3.83,0.49,0.65,0.68,0.62,0.53,0.57,0.56,0.83,0.70,0.64,0.57,1.85,
Fan-Out Vector,,,,,,,,,,,,,"1, 1, 2, 4, 4, 4, 4, 4","1, 1, 2, 2, 2, 2, 2, 2","1, 1, 1, 1, 1, 1, 1, 1","1, 2, 4, 8, 16, 32, 64, 128",,,,,,
,,,,,,,,,,,,,,,,,,,,,,
,,,,,,,,,,,,,,,,,,,,,,
All are 16 x 16 multipliers,,,,,,,,,,,,,,,,,,,,,,
Target FPGA : EP2C35F672C7,,,,,,,,,,,,,,,,,,,,,,
Adder Used : Ripple Carry Adder (RCA),,,,,,,,,,,,,,,,,,,,,,
Pipelining Standards : No Pipelining (I/P Register + O/P Register),,,,,,,,,,,,,,,,,,,,,,
,,,,,,,,,,,,,,,,,,,,,,
Metric,Why it matters?,Wallace,Dadda,Custom Greedy,Row Adder,Carry Save,Vedic,Braun,Booth Wallace,,,Booth Dadda,,,Baugh-Wooley,,,,,,,
,,,,,,,,,Radix2,Radix4,Radix8,Radix2,Radix4,Radix8,Wallace,Dadda,,,,,,
Logic Elements / LUTs,Overall FPGA Area,650,633,658,809,697,866,498,984,643,739,941,616,726,769,720,,,,,,
Combinational Functions,Shows actual combinational logic used,648,630,657,806,696,863,496,981,641,739,940,616,726,768,719,,,,,,
Dedicated Logic Registers,Sequential hardware used (mostly wrapper FFs),64,64,64,64,64,64,64,64,64,64,64,64,64,64,64,,,,,,
Total Pins,"Mostly constant, useful to verify interfaces",65,65,65,65,65,65,65,65,65,65,65,65,65,65,65,,,,,,
Maximum Frequency (Fmax) (MHz),Maximum Operating Clock,56.16,57.32,29.64,29.67,44.74,51.04,46.35,52.16,54.63,49.67,53.05,55.98,49.96,62.9,54.91,,,,,,
Critical Path Delay (ns),Direct Speed Comparison,17.81,17.45,33.74,33.7,22.35,19.59,21.57,19.17,18.3,20.13,18.85,17.86,20.01,15.9,18.21,,,,,,
Static Thermal Power (mW),Idle Power,80.72,80.85,80.54,86.24,83.11,80.85,80.12,80.3,80.05,80.01,80.46,80.04,80.03,81.02,80.75,,,,,,
Dynamic Thermal Power (mW),Switching Power,228.94,266.29,174.8,1680,892.08,265.94,51.9,105.67,29.51,20.12,151.04,26.79,25.05,314.94,237.43,,,,,,
I/O Thermal Power (mW),Same across the same board so can be ignored,37.24,37.48,37.7,37.59,37.52,37.61,37.7,37.61,37.64,37.48,37.58,37.57,37.59,37.61,37.59,,,,,,
Total Thermal Power,Total Power,346.9,384.62,293.04,1803.83,1012.71,384.39,169.72,223.58,147.2,137.62,269.08,144.4,142.67,433.56,355.77,,,,,,
Resource Utilization (%),FPGA occupancy,2%,2%,2%,2%,2%,3%,1%,3%,2%,2%,3%,2%,2%,2%,2%,,,,,,
Signed,To know what sort of operations it can perform,No,No,No,No,No,No,No,Yes,Yes,Yes,Yes,Yes,Yes,Yes,Yes,,,,,,
Area Delay Product (ADP) (LE.ns),LE x Delay,11576.50,11045.85,22200.92,27263.30,15577.95,16964.94,10741.86,18863.28,11766.90,14876.07,17737.85,11001.76,14527.26,12227.10,13111.20,,,,,,
Power Delay Product (PDP) (nJ),Dynamic Power x Delay,4.077,4.647,5.898,56.616,19.938,5.210,1.119,2.026,0.540,0.405,2.847,0.478,0.501,5.008,4.324,,,,,,
Energy Delay Product (EDP) (nJ.ns),Dynamic Power x Delay²,72.62,81.09,198.99,1907.96,445.61,102.06,24.15,38.83,9.88,8.15,53.67,8.55,10.03,79.62,78.73,,,,,,
,,,,,,,,,,,,,,,,,,,,,,
